John,Doe,john@gmail.com
John,Smith,johnsmith@gmail.com
Jane,Smith,janes@gmail.com
Kate,Smith,kates@gmail.com
Bob,Jones,bobjones@gmail.com
Katie,Smith,katie@gmail.com
Katy,Johnson,katyj@gmail.com
Sara,Valdez,sarav@gmail.com
